,activity_type,duration,day
0,entertainment,4.4275110169287455,30
1,exercise,0.15523959388794314,30
2,other,45.783487017714144,30
3,rest,36.91501914417126,30
4,social,11.56762236246668,30
5,work,1.1511208648312221,30
6,entertainment,0.19978332419050038,1
7,exercise,5.945709804001027,1
8,other,15.173869242730001,1
9,rest,68.14173863644031,1
10,social,10.40044911000884,1
11,work,0.1384498826293222,1
