,activity_type,duration,day
0,entertainment,0.23526855318232084,30
1,exercise,1.757948278255909,30
2,other,49.70385785010346,30
3,rest,37.46969657088969,30
4,social,10.83322874756862,30
5,entertainment,4.215044753459067,1
6,exercise,0.63695992166163,1
7,other,51.305309414275015,1
8,rest,37.57055128881737,1
9,social,5.546834953856504,1
10,work,0.7252996679304136,1
11,entertainment,12.44410247615202,2
12,other,42.736174205543364,2
13,social,30.53732254896361,2
14,work,14.282400769341008,2
